,Operator (or Applicant),Site Name,lat,lon,Technology Type,Installed Capacity (MWelec),Development Status,Planning Authority,Record Last Updated (dd/mm/yyyy),metadata
988,SPGL (Solar Power Generation Limited),Westover Farm,51.16214900042901,-1.506246447945539,Solar Photovoltaics,7,Revised,Test Valley,25/01/2013,"{""X-coordinate"": ""434623"", ""Region"": ""South East"", ""Solar Site Area (sqm)"": ""109000"", ""Development Status (short)"": ""Revised"", ""Address"": ""Land To The South Of Longbarrow Westover Farm, Barrow Hill, Goodworth, Clatford, Andover"", ""Mounting Type for Solar"": ""Ground"", ""County"": ""Hampshire"", ""Planning Application Reference"": ""12/02159/FULLN"", ""Ref ID"": 1156, ""Planning Application Submitted"": ""04/10/2012"", ""Are they re-applying (New REPD Ref)"": ""2090"", ""Country"": ""England"", ""Planning Application Withdrawn"": ""11/12/2012"", ""Y-coordinate"": ""140438"", ""Post Code"": ""SP11 7SE"", ""Old Ref ID"": ""IF1010""}"
1476,Kronos Solar,Eveley Farm,51.10762062107115,-1.530195877796002,Solar Photovoltaics,49,Revised,Test Valley,30/09/2015,"{""X-coordinate"": ""432987"", ""Region"": ""South East"", ""Solar Site Area (sqm)"": ""776000"", ""Planning Permission Refused"": ""15/08/2014"", ""Development Status (short)"": ""Revised"", ""Address"": ""Stevens Drove, Houghton, Stockbridge,"", ""Appeal Lodged"": ""26/11/2014"", ""Mounting Type for Solar"": ""Ground"", ""County"": ""Hampshire"", ""Planning Application Reference"": ""13/02735/FULLS"", ""Ref ID"": 1873, ""Planning Application Submitted"": ""11/12/2013"", ""Appeal Withdrawn"": ""01/07/2015"", ""Are they re-applying (New REPD Ref)"": ""5080"", ""Country"": ""England"", ""Y-coordinate"": ""134363"", ""Appeal Reference"": ""APP/C1760/A/14/2228317"", ""Post Code"": ""SO20 6SA"", ""Old Ref ID"": ""IF1299""}"
4729,Woodington Solar Limited,Woodington Solar Farm,50.98761849299075,-1.5672389590994922,Solar Photovoltaics,46,Under Construction,Test Valley,21/01/2022,"{""Planning Permission Granted"": ""04/07/2017"", ""CfD Capacity (MW)"": ""24"", ""X-coordinate"": ""430472"", ""Region"": ""South East"", ""Solar Site Area (sqm)"": ""720100"", ""Development Status (short)"": ""Under Construction"", ""Address"": ""Woodington Farm, Woodington Road, East Wellow, Romsey"", ""Mounting Type for Solar"": ""Ground"", ""CHP Enabled"": ""No"", ""County"": ""Hampshire"", ""Planning Application Reference"": ""15/02591/FULLS"", ""Ref ID"": 5883, ""Planning Application Submitted"": ""17/11/2015"", ""Country"": ""England"", ""CfD Allocation Round"": ""AR5"", ""Y-coordinate"": ""121002"", ""Post Code"": ""SO51 6DQ"", ""Under Construction"": ""15/05/2020""}"
5484,New Forest Energy (formerly Somerley Estate),Land Adj Harmer Warren Quarry,50.886636972599305,-1.812153063780364,Battery,10,Under Construction,New Forest,09/12/2022,"{""X-coordinate"": ""413310"", ""Region"": ""South East"", ""Development Status (short)"": ""Under Construction"", ""Address"": ""Land Adj Harmer Warren Quarry, Plumley, Harbridge Drove, Ellingham, Ringwood"", ""County"": ""Hampshire"", ""Planning Application Reference"": ""17/11630"", ""Ref ID"": 7143, ""Planning Application Submitted"": ""30/11/2017"", ""Country"": ""England"", ""Storage Type"": ""Stand-alone Storage"", ""Y-coordinate"": ""109700"", ""Post Code"": ""BH24 3PZ"", ""Under Construction"": ""16/11/2022""}"
5680,Balanced Grid Solutions,Hamble Lane Battery Energy Storage,50.87805274562218,-1.3273178648490171,Battery,6,Planning Permission Granted,Eastleigh,31/01/2020,"{""Planning Permission Granted"": ""22/11/2019"", ""X-coordinate"": ""447423"", ""Region"": ""South East"", ""Development Status (short)"": ""Awaiting Construction"", ""Address"": ""Land off the B397, Netley Abbey, Hound, Southampton, Hampshire"", ""County"": ""Hampshire"", ""Planning Application Reference"": ""F/19/85302"", ""Planning Permission Expired"": ""15/04/2024"", ""Ref ID"": 7420, ""Planning Application Submitted"": ""05/04/2019"", ""Country"": ""England"", ""Storage Type"": ""Stand-alone Storage"", ""Y-coordinate"": ""108944"", ""Post Code"": ""SO31 5FT""}"
5683,Nextpower SPV 10 Limited,Hatherden Farm,51.24827288766453,-1.5101965857451902,Solar Photovoltaics,49.9,Under Construction,Test Valley,07/07/2023,"{""Planning Permission Granted"": ""05/06/2020"", ""CfD Capacity (MW)"": ""40"", ""X-coordinate"": ""434283"", ""Region"": ""South East"", ""Solar Site Area (sqm)"": ""800000"", ""Development Status (short)"": ""Under Construction"", ""Address"": ""Hatherden Farm, Hatherden Lane, Hatherden, Andover, Hampshire"", ""Mounting Type for Solar"": ""Ground"", ""County"": ""Hampshire"", ""Planning Application Reference"": ""19/03043/FULLN"", ""Planning Permission Expired"": ""29/07/2023"", ""Ref ID"": 7425, ""Planning Application Submitted"": ""20/12/2019"", ""Country"": ""England"", ""CfD Allocation Round"": ""AR4"", ""Y-coordinate"": ""150014"", ""Post Code"": ""SP11 0HT""}"
6029,Woodington Solar Limited,Woodington Solar Farm (Central),50.98761849299075,-1.5672389590994922,Solar Photovoltaics,,Under Construction,Test Valley,07/04/2020,"{""Planning Permission Granted"": ""24/05/2021"", ""CfD Capacity (MW)"": ""24"", ""X-coordinate"": ""430472"", ""Region"": ""South East"", ""Solar Site Area (sqm)"": ""67800"", ""Development Status (short)"": ""Under Construction"", ""Address"": ""Woodington Solar Farm, Woodington Road, Woodington Farm, East Wellow, Romsey"", ""Mounting Type for Solar"": ""Ground"", ""CHP Enabled"": ""No"", ""County"": ""Hampshire"", ""Planning Application Reference"": ""20/00814/FULLS"", ""Planning Permission Expired"": ""24/05/2024"", ""Ref ID"": 7961, ""Planning Application Submitted"": ""14/04/2020"", ""Country"": ""England"", ""CfD Allocation Round"": ""AR5"", ""Y-coordinate"": ""121002"", ""Post Code"": ""SO51 6DQ"", ""Under Construction"": ""01/09/2022""}"
6118,Somerley Estate,Hamer Warren Solar Farm,50.890169872171015,-1.8114564470010912,Solar Photovoltaics,23,Under Construction,New Forest,30/01/2024,"{""Planning Permission Granted"": ""03/02/2021"", ""X-coordinate"": ""413358"", ""Region"": ""South East"", ""Solar Site Area (sqm)"": ""388400"", ""Development Status (short)"": ""Under Construction"", ""Address"": ""Hamer Warren, Somerley, Ringwood"", ""Mounting Type for Solar"": ""Ground"", ""CHP Enabled"": ""No"", ""County"": ""Hampshire"", ""Planning Application Reference"": ""20/11073"", ""Planning Permission Expired"": ""03/02/2024"", ""Ref ID"": 8094, ""Planning Application Submitted"": ""01/10/2020"", ""Country"": ""England"", ""Y-coordinate"": ""110093"", ""Post Code"": ""BH24 3FN"", ""Under Construction"": ""01/01/2023""}"
6123,Gerard Hall Energy,"Mill Lane, Nursling - Battery Storage Facility",50.940856679350624,-1.4930362228667131,Battery,20,Under Construction,Test Valley,02/03/2022,"{""Planning Permission Granted"": ""13/05/2020"", ""X-coordinate"": ""435716"", ""Region"": ""South East"", ""Development Status (short)"": ""Under Construction"", ""Address"": ""SHB Hire Ltd, Mill Lane, Nursling, Southampton, Hampshire"", ""County"": ""Hampshire"", ""Planning Application Reference"": ""19/02772/FULLS"", ""Planning Permission Expired"": ""13/05/2023"", ""Ref ID"": 8099, ""Planning Application Submitted"": ""26/11/2019"", ""Country"": ""England"", ""Storage Type"": ""Stand-alone Storage"", ""Y-coordinate"": ""115835"", ""Post Code"": ""SO16 0YE"", ""Under Construction"": ""01/01/2023""}"
6403,MDL Marinas,"Saxon House, Lower York Street - Solar Photovoltaic Panels",50.91061661450915,-1.388181119324567,Solar Photovoltaics,,Planning Permission Granted,Southampton,17/05/2021,"{""Planning Permission Granted"": ""07/05/2021"", ""X-coordinate"": ""443111"", ""Region"": ""South East"", ""Development Status (short)"": ""Awaiting Construction"", ""Address"": ""Saxon House Saxon Wharf Lower York Street Southampton"", ""Mounting Type for Solar"": ""Roof"", ""CHP Enabled"": ""No"", ""County"": ""Hampshire"", ""Planning Application Reference"": ""21/00401/PAPV"", ""Ref ID"": 8839, ""Planning Application Submitted"": ""12/03/2021"", ""Country"": ""England"", ""Y-coordinate"": ""112528"", ""Post Code"": ""SO14 5SU""}"
6550,Renewable Connections Developments Limited,South Park Solar Farm,51.243364648148834,-1.5979377352553399,Solar Photovoltaics,15,Planning Permission Granted,Test Valley,08/10/2024,"{""Planning Permission Granted"": ""03/11/2022"", ""CfD Capacity (MW)"": ""14.93"", ""X-coordinate"": ""428162"", ""Region"": ""South East"", ""Solar Site Area (sqm)"": ""277800"", ""Development Status (short)"": ""Awaiting Construction"", ""Address"": ""South Park Farm, Andover Lane, Great Shoddesden, Andover"", ""Mounting Type for Solar"": ""Ground"", ""CHP Enabled"": ""No"", ""County"": ""Hampshire"", ""Planning Application Reference"": ""21/02997/FULLN"", ""Planning Permission Expired"": ""03/11/2025"", ""Ref ID"": 9126, ""Planning Application Submitted"": ""12/10/2021"", ""Country"": ""England"", ""CfD Allocation Round"": ""AR6"", ""Y-coordinate"": ""149431"", ""Post Code"": ""SP11 9LP""}"
6575,Low Carbon UK Solar Investment Co Limited,Perham Down - Meadow Solar Farm & Battery Storage,51.22512714663842,-1.6188895515836725,Solar Photovoltaics,49.9,Planning Permission Granted,Test Valley,09/12/2022,"{""Planning Permission Granted"": ""18/11/2022"", ""X-coordinate"": ""426710"", ""Region"": ""South East"", ""Solar Site Area (sqm)"": ""755300"", ""Development Status (short)"": ""Awaiting Construction"", ""Address"": ""Meadow Solar Farm, Se/O Perham Down, Andover"", ""Mounting Type for Solar"": ""Ground"", ""CHP Enabled"": ""No"", ""County"": ""Hampshire"", ""Planning Application Reference"": ""21/01749/FULLN"", ""Planning Permission Expired"": ""18/11/2025"", ""Ref ID"": 9175, ""Planning Application Submitted"": ""09/06/2021"", ""Country"": ""England"", ""Storage Co-location REPD Ref ID"": ""9176"", ""Y-coordinate"": ""147395"", ""Post Code"": ""SP11 8PQ""}"
6576,Low Carbon UK Solar Investment Co Limited,Perham Down - Meadow Solar Farm & Battery Storage,51.22512714663842,-1.6188895515836725,Battery,,Planning Permission Granted,Test Valley,09/12/2022,"{""Planning Permission Granted"": ""18/11/2022"", ""X-coordinate"": ""426710"", ""Region"": ""South East"", ""Development Status (short)"": ""Awaiting Construction"", ""Address"": ""Meadow Solar Farm, Se/O Perham Down, Andover"", ""CHP Enabled"": ""No"", ""County"": ""Hampshire"", ""Planning Application Reference"": ""21/01749/FULLN"", ""Planning Permission Expired"": ""18/11/2025"", ""Ref ID"": 9176, ""Planning Application Submitted"": ""09/06/2021"", ""Country"": ""England"", ""Storage Co-location REPD Ref ID"": ""9175"", ""Storage Type"": ""Co-located with RE"", ""Y-coordinate"": ""147395"", ""Post Code"": ""SP11 8PQ""}"
6745,Conrad Energy (Developments) Limited,Hound Road,50.877083489795204,-1.3307856809423686,Battery,,Planning Application Submitted,Eastleigh,01/09/2021,"{""X-coordinate"": ""447180"", ""Region"": ""South East"", ""Development Status (short)"": ""Application Submitted"", ""Address"": ""Hound Road Netley Southampton"", ""CHP Enabled"": ""No"", ""County"": ""Hampshire"", ""Planning Application Reference"": ""F/20/88834"", ""Ref ID"": 9525, ""Planning Application Submitted"": ""23/09/2020"", ""Country"": ""England"", ""Storage Type"": ""Stand-alone Storage"", ""Y-coordinate"": ""108834"", ""Post Code"": ""SO31 5FS""}"
6830,Unknown,"Upton Lane, Nursling - Battery Storage Facility",50.949215365143786,-1.4717773797304998,Battery,50,Planning Permission Granted,Test Valley,22/09/2021,"{""Planning Permission Granted"": ""28/01/2022"", ""X-coordinate"": ""437203"", ""Region"": ""South East"", ""Development Status (short)"": ""Awaiting Construction"", ""Address"": ""Upton Lane Nursling Southampton"", ""CHP Enabled"": ""No"", ""County"": ""Hampshire "", ""Planning Application Reference"": ""21/02799/FULLS"", ""Planning Permission Expired"": ""28/01/2025"", ""Ref ID"": 9673, ""Planning Application Submitted"": ""27/09/2021"", ""Country"": ""England"", ""Storage Type"": ""Stand-alone Storage"", ""Y-coordinate"": ""116775"", ""Post Code"": ""SO16 0XY""}"
6931,Portsmouth Water,"Allington Lane, West End - Solar panels",50.939172535046374,-1.3427185377968598,Solar Photovoltaics,0.5,Planning Permission Granted,Eastleigh,29/11/2021,"{""Planning Permission Granted"": ""22/11/2021"", ""X-coordinate"": ""446279"", ""Region"": ""South East"", ""Development Status (short)"": ""Awaiting Construction"", ""Address"": ""Itchen Power Limited, Portsmouth Water, Allington Lane, West End, Southampton"", ""Mounting Type for Solar"": ""Roof"", ""CHP Enabled"": ""No"", ""County"": ""Hampshire"", ""Planning Application Reference"": ""PN/21/91711"", ""Ref ID"": 9855, ""Planning Application Submitted"": ""11/10/2021"", ""Country"": ""England"", ""Y-coordinate"": ""115731"", ""Post Code"": ""SO30 3HQ""}"
6934,Portsmouth Water Limited,"Itchen Power, West End - Solar Panels",50.93924728791633,-1.3496486536860386,Solar Photovoltaics,0.2,Planning Permission Granted,Eastleigh,28/10/2021,"{""Planning Permission Granted"": ""06/01/2022"", ""X-coordinate"": ""445792"", ""Region"": ""South East"", ""Solar Site Area (sqm)"": ""1995"", ""Development Status (short)"": ""Awaiting Construction"", ""Address"": ""Itchen Power Ltd, Portsmouth Water, Allington Lane, West End, Southampton"", ""Mounting Type for Solar"": ""Ground"", ""CHP Enabled"": ""No"", ""County"": ""Hampshire"", ""Planning Application Reference"": ""F/21/91700"", ""Planning Permission Expired"": ""06/01/2025"", ""Ref ID"": 9861, ""Planning Application Submitted"": ""11/10/2021"", ""Country"": ""England"", ""Y-coordinate"": ""115735"", ""Post Code"": ""SO30 3HQ""}"
7057,Novus Renewable Services Limited,"Cholderton Road, Quarley - Solar Farm",51.19967666834236,-1.6097105317667588,Solar Photovoltaics,22.5,Revised,Test Valley,28/06/2024,"{""X-coordinate"": ""427366"", ""Region"": ""South East"", ""Solar Site Area (sqm)"": ""115000"", ""Planning Permission Refused"": ""22/09/2023"", ""Development Status (short)"": ""Revised"", ""Address"": ""Lains Farm, Cholderton Road, Quarley "", ""Mounting Type for Solar"": ""Ground"", ""CHP Enabled"": ""No"", ""County"": ""Hampshire"", ""Planning Application Reference"": ""21/03760/FULLN"", ""Ref ID"": 10146, ""Planning Application Submitted"": ""10/01/2022"", ""Are they re-applying (New REPD Ref)"": ""16538"", ""Country"": ""England"", ""Storage Co-location REPD Ref ID"": ""10146"", ""Y-coordinate"": ""144568"", ""Post Code"": ""SP11 8NJ""}"
7550,Hoaward Tenens Limited,"Howard Tenens, Assent 100, Stephenson Close, - Solar Panels",51.21204767394107,-1.5131577153935594,Solar Photovoltaics,0.94,Planning Permission Granted,Test Valley,27/04/2022,"{""Planning Permission Granted"": ""20/06/2022"", ""X-coordinate"": ""434103"", ""Region"": ""South East"", ""Development Status (short)"": ""Awaiting Construction"", ""Address"": ""Howard Tenens - Assent100 Stephenson Close Portway Business Park Andover "", ""Mounting Type for Solar"": ""Roof"", ""CHP Enabled"": ""No"", ""County"": ""Hampshire"", ""Planning Application Reference"": ""22/01054/REJN"", ""Ref ID"": 11093, ""Planning Application Submitted"": ""14/04/2022"", ""Country"": ""England"", ""Y-coordinate"": ""145984"", ""Post Code"": ""SP10 3RU ""}"
7585,Howard Tenens Limited,"Howard Tenens Limited, Plot 4, Portway Business Park -  Solar Panels",51.21716089520431,-1.5145499176822586,Solar Photovoltaics,0.7,Planning Permission Granted,Test Valley,09/05/2022,"{""Planning Permission Granted"": ""20/06/2022"", ""X-coordinate"": ""434002"", ""Region"": ""South East"", ""Development Status (short)"": ""Awaiting Construction"", ""Address"": ""Howard Tenens Ltd Plot 4 Macadam Way Portway Business Park "", ""Mounting Type for Solar"": ""Roof"", ""CHP Enabled"": ""No"", ""County"": ""Hampshire"", ""Planning Application Reference"": ""22/01090/REJN"", ""Ref ID"": 11168, ""Planning Application Submitted"": ""19/04/2022"", ""Country"": ""England"", ""Y-coordinate"": ""146552"", ""Post Code"": ""SP10 3LF""}"
7586,Howard Tenens Limited,"Howard Tenens, Plot 5, West Portway - Solar Panels",51.21326856400492,-1.5126723995579336,Solar Photovoltaics,0.59,Planning Permission Granted,Test Valley,09/05/2022,"{""Planning Permission Granted"": ""20/06/2022"", ""X-coordinate"": ""434136"", ""Region"": ""South East"", ""Development Status (short)"": ""Awaiting Construction"", ""Address"": ""Howard Tenens Ltd Plot 5 Macadam Way Portway Business Park "", ""Mounting Type for Solar"": ""Roof"", ""CHP Enabled"": ""No"", ""County"": ""Hampshire"", ""Planning Application Reference"": ""22/01092/REJN"", ""Ref ID"": 11169, ""Planning Application Submitted"": ""19/04/2022"", ""Country"": ""England"", ""Y-coordinate"": ""146120"", ""Post Code"": ""SP10 3RU""}"
7591,Howard Tenens Limited,"Howard Tenens, Plot 2, West Portway - Solar Panels",51.21269708341884,-1.5114758482399608,Solar Photovoltaics,0.3,Planning Permission Granted,Test Valley,09/05/2022,"{""Planning Permission Granted"": ""20/06/2022"", ""X-coordinate"": ""434220"", ""Region"": ""South East"", ""Development Status (short)"": ""Awaiting Construction"", ""Address"": ""Howard Tenens Ltd Plot 2 West Portway Portway Business Park "", ""Mounting Type for Solar"": ""Roof"", ""CHP Enabled"": ""No"", ""County"": ""Hampshire"", ""Planning Application Reference"": ""22/01091/REJN "", ""Ref ID"": 11174, ""Planning Application Submitted"": ""19/04/2022"", ""Country"": ""England"", ""Y-coordinate"": ""146057"", ""Post Code"": ""SP10 3RU""}"
7593,Hoaward Tenens Limited,"Units 1 And 2, Assent 40, Plot 12, Portway Business Park - Solar Panels",51.21326856400492,-1.5126723995579336,Solar Photovoltaics,0.36,Planning Permission Granted,Test Valley,09/05/2022,"{""Planning Permission Granted"": ""20/06/2022"", ""X-coordinate"": ""434136"", ""Region"": ""South East"", ""Development Status (short)"": ""Awaiting Construction"", ""Address"": ""Howard Tenens Ltd Units 1 And 2 (Assent 40) Plot 12 Stephenson Close Portway Business Park "", ""Mounting Type for Solar"": ""Roof"", ""CHP Enabled"": ""No"", ""County"": ""Hampshire"", ""Planning Application Reference"": ""22/01084/REJN"", ""Ref ID"": 11176, ""Planning Application Submitted"": ""19/04/2022"", ""Country"": ""England"", ""Y-coordinate"": ""146120"", ""Post Code"": ""SP10 3RU""}"
7690,Geo Green Power Limited,Chandlers Ford - Solar panels,50.965076482663896,-1.3867828250293375,Solar Photovoltaics,0.2,Planning Permission Granted,Eastleigh,23/05/2022,"{""Planning Permission Granted"": ""20/06/2022"", ""X-coordinate"": ""443159"", ""Region"": ""South East"", ""Development Status (short)"": ""Awaiting Construction"", ""Address"": ""1 Stoneycroft Rise, Chandler's Ford, Eastleigh"", ""Mounting Type for Solar"": ""Roof"", ""CHP Enabled"": ""No"", ""County"": ""Hampshire"", ""Planning Application Reference"": ""PN/22/92652"", ""Ref ID"": 11322, ""Planning Application Submitted"": ""09/05/2022"", ""Country"": ""England"", ""Y-coordinate"": ""118585"", ""Post Code"": ""SO53 3YU""}"
7781,Cactus Energy / Sealock Limited,Walworth Business Park - Solar Photovoltaics panel,51.21207776637239,-1.4508530515503086,Solar Photovoltaics,0.25,Planning Permission Granted,Test Valley,14/06/2022,"{""Planning Permission Granted"": ""20/07/2022"", ""X-coordinate"": ""438455"", ""Region"": ""South East"", ""Development Status (short)"": ""Awaiting Construction"", ""Address"": ""Sealock Ltd Plot 82 Scott Close Walworth Business Park Andover "", ""Mounting Type for Solar"": ""Roof"", ""CHP Enabled"": ""No"", ""County"": ""Hampshire"", ""Planning Application Reference"": ""22/01467/REJN"", ""Ref ID"": 11452, ""Planning Application Submitted"": ""01/06/2022"", ""Country"": ""England"", ""Y-coordinate"": ""146018"", ""Post Code"": ""SP10 5NU""}"
7988,CPV Limited,"Woodington Road, East Wellow - Solar Panels",50.98123877038493,-1.5565289297115232,Solar Photovoltaics,0.5,Planning Permission Granted,Test Valley,04/08/2022,"{""Planning Permission Granted"": ""13/09/2022"", ""X-coordinate"": ""431228"", ""Region"": ""South East"", ""Development Status (short)"": ""Awaiting Construction"", ""Address"": ""Woodington Mill Woodington Road East Wellow Romsey"", ""Mounting Type for Solar"": ""Roof"", ""CHP Enabled"": ""No"", ""County"": ""Hampshire "", ""Planning Application Reference"": ""22/01891/REJS"", ""Ref ID"": 11801, ""Planning Application Submitted"": ""22/07/2022"", ""Country"": ""England"", ""Y-coordinate"": ""120297"", ""Post Code"": ""SO51 6DQ""}"
8002,Boudicca One Limited,Lucia Foster Welch Student Hall Of Residence - Solar Panels,50.898049016034655,-1.394104763568572,Solar Photovoltaics,,Planning Permission Granted,Southampton,10/10/2022,"{""Planning Permission Granted"": ""27/09/2022"", ""X-coordinate"": ""442706"", ""Region"": ""South East"", ""Development Status (short)"": ""Awaiting Construction"", ""Address"": ""Lucia Foster Welch Student Hall Of Residence Royal Crescent Road Southampton "", ""Mounting Type for Solar"": ""Roof"", ""CHP Enabled"": ""No"", ""County"": ""Hampshire"", ""Planning Application Reference"": ""22/01040/FUL "", ""Planning Permission Expired"": ""27/09/2025"", ""Ref ID"": 11827, ""Planning Application Submitted"": ""19/07/2022"", ""Country"": ""England"", ""Y-coordinate"": ""111127"", ""Post Code"": ""SO14 3ZP ""}"
8037,RE Projects Development / Solarig,"Winchester Road, Wherwell - Solar Farm",51.176782806708644,-1.4641613474787718,Solar Photovoltaics,45.9,Planning Permission Granted,Test Valley,04/03/2025,"{""Planning Permission Granted"": ""05/02/2025"", ""X-coordinate"": ""437554"", ""Region"": ""South East"", ""Solar Site Area (sqm)"": ""564000"", ""Development Status (short)"": ""Awaiting Construction"", ""Address"": ""Winchester Road Winchester Road Wherwell"", ""Mounting Type for Solar"": ""Ground"", ""CHP Enabled"": ""No"", ""County"": ""Hampshire"", ""Planning Application Reference"": ""23/02225/FULLN"", ""Planning Permission Expired"": ""05/02/2028"", ""Ref ID"": 11883, ""Planning Application Submitted"": ""12/09/2023"", ""Country"": ""England"", ""Y-coordinate"": ""142086"", ""Post Code"": ""SP11 7HW""}"
8049,F&C Commercial Property Holdings Limited,"Unit 1, Strategic Park, Comines Way - Solar Panels",50.916043404214406,-1.3221757469043875,Solar Photovoltaics,0.34,Planning Permission Granted,Eastleigh,15/09/2022,"{""Planning Permission Granted"": ""06/09/2022"", ""X-coordinate"": ""447746"", ""Region"": ""South East"", ""Development Status (short)"": ""Awaiting Construction"", ""Address"": ""Unit 1, Strategic Park, Comines Way, Hedge End"", ""Mounting Type for Solar"": ""Roof"", ""CHP Enabled"": ""No"", ""County"": ""Hampshire"", ""Planning Application Reference"": ""PN/22/93517"", ""Ref ID"": 11902, ""Planning Application Submitted"": ""08/08/2022"", ""Country"": ""England"", ""Y-coordinate"": ""113172"", ""Post Code"": ""SO30 4DA""}"
8206,Morrisons,"Morrisons Supermarket, Totton - Solar Photovoltaic System",50.92265368840328,-1.5223571177713373,Solar Photovoltaics,0.34,Planning Permission Granted,New Forest,27/10/2022,"{""Planning Permission Granted"": ""17/10/2022"", ""X-coordinate"": ""433669"", ""Region"": ""South East"", ""Development Status (short)"": ""Awaiting Construction"", ""Address"": ""Morrisons Supermarket, Spruce Drive, Totton, Southampton"", ""Mounting Type for Solar"": ""Roof"", ""CHP Enabled"": ""No"", ""County"": ""Hampshire"", ""Planning Application Reference"": ""22/11034"", ""Ref ID"": 12121, ""Planning Application Submitted"": ""05/09/2022"", ""Country"": ""England"", ""Y-coordinate"": ""113797"", ""Post Code"": ""SO40 8AD""}"
8219,PS Renewables Limited,"Gander Down Solar Farm, Stevens Drove - Solar Farm",51.10979639906274,-1.53011669265836,Solar Photovoltaics,6.2,Planning Permission Granted,Test Valley,09/06/2023,"{""Planning Permission Granted"": ""01/06/2023"", ""X-coordinate"": ""432991"", ""Region"": ""South East"", ""Solar Site Area (sqm)"": ""107900"", ""Development Status (short)"": ""Awaiting Construction"", ""Address"": ""Gander Down Solar Farm, Adj Eveley Solar Farm, Stevens Drove, Houghton, Stockbridge"", ""Mounting Type for Solar"": ""Ground"", ""CHP Enabled"": ""No"", ""County"": ""Hampshire"", ""Planning Application Reference"": ""22/02325/FULLS"", ""Planning Permission Expired"": ""01/06/2026"", ""Ref ID"": 12142, ""Planning Application Submitted"": ""07/09/2022"", ""Country"": ""England"", ""Y-coordinate"": ""134605"", ""Post Code"": ""SO20 6SA""}"
8278,GHE Solar Limited,"Preformed Line Products, East Portway - Solar Panels",51.212205856129124,-1.5101209965289581,Solar Photovoltaics,0.34,Revised,Test Valley,04/04/2024,"{""X-coordinate"": ""434315"", ""Region"": ""South East"", ""Development Status (short)"": ""Revised"", ""Address"": ""Preformed Line Products Plot 18 East Portway Portway Business Park"", ""Mounting Type for Solar"": ""Roof"", ""CHP Enabled"": ""No"", ""County"": ""Hampshire"", ""Planning Application Reference"": ""22/02476/FULLN"", ""Ref ID"": 12225, ""Planning Application Submitted"": ""23/09/2022"", ""Are they re-applying (New REPD Ref)"": ""16141"", ""Country"": ""England"", ""Y-coordinate"": ""146003"", ""Post Code"": ""SP10 3LU""}"
8407,F & C Commercial Property Holdings Limited,"Strategic Park, Comines Way - Solar Photovoltaic Panels",50.916043404214406,-1.3221757469043875,Solar Photovoltaics,0.41,Planning Application Submitted,Eastleigh,25/10/2022,"{""X-coordinate"": ""447746"", ""Region"": ""South East"", ""Development Status (short)"": ""Application Submitted"", ""Address"": ""Unit 2, Strategic Park, Comines Way, Hedge End, Southampton"", ""Mounting Type for Solar"": ""Roof"", ""CHP Enabled"": ""No"", ""County"": ""Hampshire"", ""Planning Application Reference"": ""PN/22/93982"", ""Ref ID"": 12434, ""Planning Application Submitted"": ""14/10/2022"", ""Country"": ""England"", ""Y-coordinate"": ""113172"", ""Post Code"": ""SO30 4DA""}"
8415,MC Truck & Bus Limited,"Test Valley Business Centre, Test Lane - Solar PV system",50.9291974853093,-1.4735976958091257,Solar Photovoltaics,0.33,Planning Permission Granted,Southampton,14/11/2022,"{""Planning Permission Granted"": ""11/11/2022"", ""X-coordinate"": ""437091"", ""Region"": ""South East"", ""Development Status (short)"": ""Awaiting Construction"", ""Address"": ""Test Valley Business Centre, 18 Test Lane, Nursling, Southampton"", ""Mounting Type for Solar"": ""Roof"", ""CHP Enabled"": ""No"", ""County"": ""Hampshire"", ""Planning Application Reference"": ""22/02702/REJS"", ""Ref ID"": 12442, ""Planning Application Submitted"": ""17/10/2022"", ""Country"": ""England"", ""Y-coordinate"": ""114548"", ""Post Code"": ""SO16 9JX""}"
8560,Boom Developments Limited,"Misslebrook Farm, Botley Road - Battery Storage",50.97627078250004,-1.4346935732269779,Battery,60,Planning Permission Granted,Test Valley,18/03/2025,"{""Planning Permission Granted"": ""05/04/2024"", ""X-coordinate"": ""439785"", ""Region"": ""South East"", ""Development Status (short)"": ""Awaiting Construction"", ""Address"": ""Misslebrook Farm Botley Road North Baddesley"", ""CHP Enabled"": ""No"", ""County"": ""Hampshire"", ""Planning Application Reference"": ""22/03346/FULLS"", ""Planning Permission Expired"": ""05/04/2027"", ""Ref ID"": 12691, ""Planning Application Submitted"": ""03/01/2023"", ""Country"": ""England"", ""Storage Type"": ""Stand-alone Storage"", ""Y-coordinate"": ""119803"", ""Post Code"": ""SO52 9EE""}"
8620,Associated British Ports,"Buildings J K And Z Tesla Centre, Herbert Walker Avenue - Solar Panels",50.90323374941271,-1.4217122734112015,Solar Photovoltaics,0.84,Planning Permission Granted,Southampton,12/01/2023,"{""Planning Permission Granted"": ""06/01/2023"", ""X-coordinate"": ""440760"", ""Region"": ""South East"", ""Development Status (short)"": ""Awaiting Construction"", ""Address"": ""Buildings J K and Z, Tesla Centre Herbert Walker Avenue"", ""Mounting Type for Solar"": ""Roof"", ""CHP Enabled"": ""No"", ""County"": ""Hampshire"", ""Planning Application Reference"": ""22/01584/PAPV"", ""Ref ID"": 12779, ""Planning Application Submitted"": ""18/11/2022"", ""Country"": ""England"", ""Y-coordinate"": ""111688"", ""Post Code"": ""SO15 1HJ""}"
8728,Columbia Threadneedle,"Pei Genesis UK Limited, George Curl Way - Solar Panels",50.94721413172175,-1.362619325926485,Solar Photovoltaics,0.27,Planning Permission Granted,Eastleigh,03/02/2023,"{""Planning Permission Granted"": ""31/01/2023"", ""X-coordinate"": ""444873"", ""Region"": ""South East"", ""Development Status (short)"": ""Awaiting Construction"", ""Address"": ""Pei Genesis UK Limited, George Curl Way, Eastleigh "", ""Mounting Type for Solar"": ""Roof"", ""CHP Enabled"": ""No"", ""County"": ""Hampshire"", ""Planning Application Reference"": ""PN/22/94146"", ""Ref ID"": 12932, ""Planning Application Submitted"": ""08/12/2022"", ""Country"": ""England"", ""Y-coordinate"": ""116613"", ""Post Code"": ""SO18 2RZ""}"
8752,Acorn Bioenergy Limited,"Cowdown Farm, Cowdown Lane - Anaerobic Digestion Facility",51.19531591613363,-1.4506944573196634,Anaerobic Digestion,,Planning Application Submitted,Test Valley,05/01/2023,"{""X-coordinate"": ""438480"", ""Region"": ""South East"", ""Development Status (short)"": ""Application Submitted"", ""Address"": ""The North Of Cowdown Farm Cowdown Lane Cowdown "", ""CHP Enabled"": ""Yes"", ""County"": ""Hampshire"", ""Planning Application Reference"": ""22/03267/FULLN"", ""Ref ID"": 12961, ""Planning Application Submitted"": ""15/12/2022"", ""Country"": ""England"", ""Y-coordinate"": ""144154"", ""Post Code"": ""SP11 6LE""}"
8970,John Loader Limited,"Station Mill, Ashford Road - Solar Panels",50.928128754606874,-1.8071769026884554,Solar Photovoltaics,0.22,Planning Permission Granted,New Forest,29/03/2023,"{""Planning Permission Granted"": ""15/03/2023"", ""X-coordinate"": ""413648"", ""Region"": ""South East"", ""Development Status (short)"": ""Awaiting Construction"", ""Address"": ""Station Mill, Ashford Road"", ""Mounting Type for Solar"": ""Roof"", ""CHP Enabled"": ""No"", ""County"": ""Hampshire"", ""Planning Application Reference"": ""23/10076 "", ""Ref ID"": 13258, ""Planning Application Submitted"": ""08/02/2023"", ""Country"": ""England"", ""Y-coordinate"": ""114315"", ""Post Code"": ""SP6 1BY""}"
8979,Newtown Park House,Newtown Park House - Energy Centre,50.77417905651025,-1.513914213062547,Solar Photovoltaics,0.25,Planning Permission Granted,New Forest,27/03/2023,"{""Planning Permission Granted"": ""22/02/2023"", ""X-coordinate"": ""434371"", ""Region"": ""South East"", ""Development Status (short)"": ""Awaiting Construction"", ""Address"": ""Newtown Park House, Road Through Newtown Park, Lymington"", ""Mounting Type for Solar"": ""Ground"", ""CHP Enabled"": ""No"", ""County"": ""Hampshire"", ""Planning Application Reference"": ""22/00767FULL"", ""Planning Permission Expired"": ""22/02/2026"", ""Ref ID"": 13268, ""Planning Application Submitted"": ""24/11/2022"", ""Country"": ""England"", ""Y-coordinate"": ""\t97290"", ""Post Code"": ""SO41 5RN""}"
9030,SB Joinery UK Limited,"Danebury Works, Andover Hill - Solar Panels",51.145739844301815,-1.5396732576559589,Solar Photovoltaics,0.19,Planning Permission Granted,Test Valley,24/04/2023,"{""Planning Permission Granted"": ""17/04/2023"", ""X-coordinate"": ""432297"", ""Region"": ""South East"", ""Development Status (short)"": ""Awaiting Construction"", ""Address"": ""Danebury Works Andover Hill Middle Wallop"", ""Mounting Type for Solar"": ""Roof"", ""CHP Enabled"": ""No"", ""County"": ""Hampshire"", ""Planning Application Reference"": ""23/00497/REJN"", ""Planning Permission Expired"": ""21/02/2028"", ""Ref ID"": 13333, ""Planning Application Submitted"": ""21/02/2023"", ""Country"": ""England"", ""Y-coordinate"": ""138598"", ""Post Code"": ""SO20 8HQ""}"
9043,EDF Energy Renewables,"Randall Parker Foods, Back Lane - Solar PV Panels",51.24279259651672,-1.5613117861485306,Solar Photovoltaics,0.17,Planning Permission Granted,Test Valley,19/04/2023,"{""Planning Permission Granted"": ""14/04/2023"", ""X-coordinate"": ""430719"", ""Region"": ""South East"", ""Development Status (short)"": ""Awaiting Construction"", ""Address"": ""Randall Parker Foods, Back Lane, Appleshaw, Andover"", ""Mounting Type for Solar"": ""Roof"", ""CHP Enabled"": ""No"", ""County"": ""Hampshire"", ""Planning Application Reference"": ""23/00556/REJN"", ""Ref ID"": 13358, ""Planning Application Submitted"": ""27/02/2022"", ""Country"": ""England"", ""Y-coordinate"": ""149382"", ""Post Code"": ""SP11 9BB""}"
9125,Southern Water,"Pennington Wastewater Treatment Works, Milford Road - Solar panels",50.74104718900107,-1.5608266955907455,Solar Photovoltaics,1.28,Planning Application Submitted,New Forest,01/05/2024,"{""X-coordinate"": ""431085"", ""Region"": ""South East"", ""Development Status (short)"": ""Application Submitted"", ""Address"": ""Pennington Wastewater Treatment Works, Milford Road "", ""Mounting Type for Solar"": ""Ground"", ""CHP Enabled"": ""No"", ""County"": ""Hampshire"", ""Planning Application Reference"": ""24/10306"", ""Ref ID"": 13485, ""Planning Application Submitted"": ""15/04/2024"", ""Country"": ""England"", ""Y-coordinate"": ""93585"", ""Post Code"": ""SO41 8QZ""}"
9196,Ecotricity Generation Limited,"Butts Field, Mill Lane - Battery Storage",50.89628129765219,-1.34323693678253,Battery,99,Planning Permission Granted,Southampton,10/12/2024,"{""Planning Permission Granted"": ""03/10/2024"", ""X-coordinate"": ""446285"", ""Region"": ""South East"", ""Development Status (short)"": ""Awaiting Construction"", ""Address"": ""Butts Field Mill Lane, Nursling, Southampton"", ""CHP Enabled"": ""No"", ""County"": ""Hampshire"", ""Planning Application Reference"": ""23/02942/FULLS"", ""Are they re-applying (Old REPD Ref) "": ""7399"", ""Planning Permission Expired"": ""03/10/2027"", ""Ref ID"": 13573, ""Planning Application Submitted"": ""23/11/2023"", ""Country"": ""England"", ""Storage Type"": ""Stand-alone Storage"", ""Y-coordinate"": ""110961"", ""Post Code"": ""SO19 0EP""}"
9415,Columbia Threadneedle,"Airways Distribution Park, Wide Lane - Solar Panels",50.946281828805965,-1.3664611553633337,Solar Photovoltaics,0.34,Planning Permission Granted,Southampton,28/06/2023,"{""Planning Permission Granted"": ""20/06/2023"", ""X-coordinate"": ""444604"", ""Region"": ""South East"", ""Development Status (short)"": ""Awaiting Construction"", ""Address"": ""Airways Distribution Park, Unit 1, Wide Lane, Southampton"", ""Mounting Type for Solar"": ""Roof"", ""CHP Enabled"": ""No"", ""County"": ""Hampshire"", ""Planning Application Reference"": ""23/00572/PAPV"", ""Ref ID"": 13867, ""Planning Application Submitted"": ""28/04/2023"", ""Country"": ""England"", ""Y-coordinate"": ""\t116507"", ""Post Code"": ""SO18 2RT""}"
9512,Custom Solar Limited,"Unit 2b, School Lane - Solar Panels",50.98137287828721,-1.3889187325079904,Solar Photovoltaics,0.32,Planning Permission Granted,Eastleigh,02/06/2023,"{""Planning Permission Granted"": ""27/06/2023"", ""X-coordinate"": ""442994"", ""Region"": ""South East"", ""Development Status (short)"": ""Awaiting Construction"", ""Address"": ""Unit 2b, School Lane, Chandlers Ford, Eastleigh"", ""Mounting Type for Solar"": ""Roof"", ""CHP Enabled"": ""No"", ""County"": ""Hampshire"", ""Planning Application Reference"": ""PN/23/95077"", ""Ref ID"": 14003, ""Planning Application Submitted"": ""17/05/2023"", ""Country"": ""England"", ""Y-coordinate"": ""120396"", ""Post Code"": ""SO53 4DG""}"
9514,Anglo Renewables Limited,Weston Lane - Battery Storage Facility,50.89257739556086,-1.3563412693440162,Battery,49.9,Planning Application Submitted,Southampton,02/01/2024,"{""CfD Capacity (MW)"": "" "", ""X-coordinate"": ""445367"", ""FiT Tariff (p/kWh)"": "" "", ""Height of Turbines (m)"": "" "", ""Region"": ""South East"", ""Judicial Review"": "" "", ""Development Status (short)"": ""Application Submitted"", ""Address"": ""\tLand At Weston Lane Nursling "", ""Secretary of State Reference"": "" "", ""Share Community Scheme"": "" "", ""Mounting Type for Solar"": "" "", ""CHP Enabled"": ""No"", ""County"": ""Hampshire"", ""Planning Application Reference"": ""23/03055/FULLS"", ""Are they re-applying (Old REPD Ref) "": "" "", ""Ref ID"": 14005, ""Planning Application Submitted"": ""29/11/2023"", ""Offshore Wind Round"": "" "", ""Type of Secretary of State Intervention"": "" "", ""RO Banding (ROC/MWh)"": "" "", ""Country"": ""England"", ""Storage Co-location REPD Ref ID"": "" "", ""Turbine Capacity"": "" "", ""Storage Type"": ""Stand-alone Storage"", ""Y-coordinate"": ""110541"", ""Appeal Reference"": "" "", ""Post Code"": ""SO19 9HX"", ""No. of Turbines"": "" "", ""Old Ref ID"": "" ""}"
9565,Boultbee Brooks (Renewables Costock) Limited,"Walkford Moor Solar Farm, Walkford Lane - Solar Farm",50.75233778763284,-1.6814113292879485,Solar Photovoltaics,15,Planning Permission Granted,New Forest,09/09/2024,"{""Planning Permission Granted"": ""14/08/2024"", ""X-coordinate"": ""422571"", ""Region"": ""South East"", ""Solar Site Area (sqm)"": ""293200"", ""Development Status (short)"": ""Awaiting Construction"", ""Address"": ""Walkford Moor Solar Farm, Walkford Lane "", ""Mounting Type for Solar"": ""Ground"", ""CHP Enabled"": ""No"", ""County"": ""Hampshire"", ""Planning Application Reference"": ""23/11213"", ""Planning Permission Expired"": ""14/08/2027"", ""Ref ID"": 14066, ""Planning Application Submitted"": ""18/12/2023"", ""Country"": ""England"", ""Y-coordinate"": ""94797"", ""Post Code"": ""BH25 5NH""}"
9757,SLI UK Real Estate Fund,"Mauretania Road, Nursling - Solar Panels",50.94084403295024,-1.479927955689187,Solar Photovoltaics,0.19,Planning Application Submitted,Test Valley,21/07/2023,"{""X-coordinate"": ""436637"", ""Region"": ""South East"", ""Development Status (short)"": ""Application Submitted"", ""Address"": ""Unit 210, Mauretania Road, Nursling Industrial Estate, Southampton"", ""Mounting Type for Solar"": ""Roof"", ""CHP Enabled"": ""No"", ""County"": ""Hampshire"", ""Planning Application Reference"": ""23/01795/REJS"", ""Ref ID"": 14346, ""Planning Application Submitted"": ""12/07/2023"", ""Country"": ""England"", ""Y-coordinate"": ""115840"", ""Post Code"": ""SO16 0YS""}"
9766,Twinings,"R Twining And Company, South Way - Solar Panels",51.2152206947372,-1.4518608414028156,Solar Photovoltaics,0.98,Planning Permission Granted,Test Valley,17/08/2023,"{""Planning Permission Granted"": ""09/08/2023"", ""CfD Capacity (MW)"": ""            "", ""X-coordinate"": ""438382"", ""FiT Tariff (p/kWh)"": ""            "", ""Height of Turbines (m)"": ""            "", ""Region"": ""South East"", ""Judicial Review"": ""            "", ""Solar Site Area (sqm)"": ""            "", ""Development Status (short)"": ""Awaiting Construction"", ""Address"": ""R Twining And Co Ltd Plots 49 And 62 South Way Walworth Business Park"", ""Secretary of State Reference"": ""            "", ""Share Community Scheme"": ""            "", ""Mounting Type for Solar"": ""Roof"", ""CHP Enabled"": ""No"", ""County"": ""Hampshire"", ""Planning Application Reference"": ""23/01723/REJN"", ""Are they re-applying (Old REPD Ref) "": ""            "", ""Ref ID"": 14360, ""Planning Application Submitted"": ""05/07/2023"", ""Offshore Wind Round"": ""            "", ""Are they re-applying (New REPD Ref)"": ""            "", ""Type of Secretary of State Intervention"": ""            "", ""RO Banding (ROC/MWh)"": ""            "", ""Country"": ""England"", ""Storage Co-location REPD Ref ID"": ""            "", ""Turbine Capacity"": ""            "", ""Storage Type"": ""            "", ""Y-coordinate"": ""146367"", ""Appeal Reference"": ""            "", ""Post Code"": ""SP10 5AF"", ""No. of Turbines"": ""            "", ""Old Ref ID"": ""            ""}"
9769,David Lloyd Leisure Limited,"David Lloyd Leisure Centre, Christchurch Road - Solar PV System",50.83729069197386,-1.7834799603045663,Solar Photovoltaics,0.31,Planning Permission Granted,New Forest,11/09/2023,"{""Planning Permission Granted"": ""05/09/2023"", ""X-coordinate"": ""415343"", ""Region"": ""South East"", ""Development Status (short)"": ""Awaiting Construction"", ""Address"": ""David Lloyd Centre 242 Christchurch Road"", ""Mounting Type for Solar"": ""Roof"", ""CHP Enabled"": ""No"", ""County"": ""Hampshire"", ""Planning Application Reference"": ""23/10496"", ""Ref ID"": 14365, ""Planning Application Submitted"": ""13/07/2023"", ""Country"": ""England"", ""Y-coordinate"": ""104218"", ""Post Code"": ""BH24 3AS""}"
9925,Eastleigh Borough Council,Allington Lane - Solar & Battery Farm,50.963006347619434,-1.3045476671592398,Solar Photovoltaics,27,Planning Permission Granted,Eastleigh,06/08/2024,"{""Planning Permission Granted"": ""26/07/2024"", ""X-coordinate"": ""448936"", ""Region"": ""South East"", ""Solar Site Area (sqm)"": ""377400"", ""Development Status (short)"": ""Awaiting Construction"", ""Address"": ""We/O Allington Lane, Eastleigh"", ""Mounting Type for Solar"": ""Ground"", ""CHP Enabled"": ""No"", ""County"": ""Hampshire"", ""Planning Application Reference"": ""F/23/96527"", ""Planning Permission Expired"": ""26/07/2027"", ""Ref ID"": 14584, ""Planning Application Submitted"": ""21/12/2023"", ""Country"": ""England"", ""Storage Co-location REPD Ref ID"": ""14585"", ""Y-coordinate"": ""118406"", ""Post Code"": ""SO50 7DA""}"
9926,Eastleigh Borough Council,Allington Lane - Solar & Battery Farm,50.963006347619434,-1.3045476671592398,Battery,16,Planning Permission Granted,Eastleigh,06/08/2024,"{""Planning Permission Granted"": ""26/07/2024"", ""X-coordinate"": ""448936"", ""Region"": ""South East"", ""Development Status (short)"": ""Awaiting Construction"", ""Address"": ""We/O Allington Lane, Eastleigh"", ""CHP Enabled"": ""No"", ""County"": ""Hampshire"", ""Planning Application Reference"": ""F/23/96527"", ""Planning Permission Expired"": ""26/07/2027"", ""Ref ID"": 14585, ""Planning Application Submitted"": ""21/12/2023"", ""Country"": ""England"", ""Storage Co-location REPD Ref ID"": ""14584"", ""Storage Type"": ""Co-located with RE"", ""Y-coordinate"": ""118406"", ""Post Code"": ""SO50 7DA""}"
10596,Centrica Business Solutions Head Office,"Asquith Nursery, David Lloyd Leisure - Solar Panels",50.93631114714268,-1.4638542943986586,Solar Photovoltaics,0.3,Planning Permission Granted,Southampton,07/02/2024,"{""Planning Permission Granted"": ""30/01/2024"", ""X-coordinate"": ""437770"", ""Region"": ""South East"", ""Development Status (short)"": ""Awaiting Construction"", ""Address"": ""David Lloyd Leisure Limited Sports Centre, Asquith Nursery, Frogmore Lane, Southampton"", ""Mounting Type for Solar"": ""Roof"", ""CHP Enabled"": ""No"", ""County"": ""Hampshire"", ""Planning Application Reference"": ""23/01519/PAPV"", ""Ref ID"": 15572, ""Planning Application Submitted"": ""21/12/2023"", ""Country"": ""England"", ""Y-coordinate"": ""115344"", ""Post Code"": ""SO16 0XS""}"
10616,3Ti Energy Hubs Limited,"Southampton General Hospital, Tremona Road - Solar Panels",50.9337269688615,-1.4326761965969657,Solar Photovoltaics,0.25,Planning Permission Granted,Southampton,13/02/2024,"{""Planning Permission Granted"": ""09/02/2024"", ""X-coordinate"": ""439963"", ""Region"": ""South East"", ""Development Status (short)"": ""Awaiting Construction"", ""Address"": ""Southampton General Hospital, Multi Storey Car Park, Tremona Road, Southampton"", ""Mounting Type for Solar"": ""Roof"", ""CHP Enabled"": ""No"", ""County"": ""Hampshire"", ""Planning Application Reference"": ""23/01629/FUL"", ""Planning Permission Expired"": ""09/02/2027"", ""Ref ID"": 15597, ""Planning Application Submitted"": ""15/12/2023"", ""Country"": ""England"", ""Y-coordinate"": ""115073"", ""Post Code"": ""SO16 6YD""}"
10956,Spire Healthcare,"Spire Hospital, Chalybeate Close - Solar Panels",50.9306068482374,-1.4327283657316126,Solar Photovoltaics,0.23,Planning Permission Granted,Southampton,31/05/2024,"{""Planning Permission Granted"": ""23/05/2024"", ""X-coordinate"": ""439962"", ""Region"": ""South East"", ""Development Status (short)"": ""Awaiting Construction"", ""Address"": ""Spire Hospital Chalybeate Close"", ""Mounting Type for Solar"": ""Roof"", ""CHP Enabled"": ""No"", ""County"": ""Hampshire"", ""Planning Application Reference"": ""24/00264/PAPV"", ""Ref ID"": 16054, ""Planning Application Submitted"": ""07/03/2024"", ""Country"": ""England"", ""Y-coordinate"": ""114726"", ""Post Code"": ""SO16 6UY""}"
10995,Utilita Bowl,"Utilita Bowl, Marshall Drive - Solar Panels",50.92343353402793,-1.3234342556916876,Solar Photovoltaics,0.43,Planning Permission Granted,Eastleigh,21/06/2024,"{""Planning Permission Granted"": ""30/05/2024"", ""X-coordinate"": ""447650"", ""Region"": ""South East"", ""Development Status (short)"": ""Awaiting Construction"", ""Address"": ""Utilita Bowl, Botley Road, West End"", ""Mounting Type for Solar"": ""Roof"", ""CHP Enabled"": ""No"", ""County"": ""Hampshire"", ""Planning Application Reference"": ""PN/24/96850"", ""Ref ID"": 16104, ""Planning Application Submitted"": ""19/03/2024"", ""Country"": ""England"", ""Y-coordinate"": ""113993"", ""Post Code"": ""SO30 3XH""}"
11021,GHE Solar Limited,"Preformed Line Products, East Portway - Solar Panels",51.212205856129124,-1.5101209965289581,Solar Photovoltaics,0.27,Planning Permission Granted,Test Valley,16/05/2024,"{""Planning Permission Granted"": ""08/05/2024"", ""X-coordinate"": ""434315"", ""Region"": ""South East"", ""Development Status (short)"": ""Awaiting Construction"", ""Address"": ""Preformed Line Products Plot 18 East Portway Portway Business Park"", ""Mounting Type for Solar"": ""Roof"", ""CHP Enabled"": ""No"", ""County"": ""Hampshire"", ""Planning Application Reference"": ""24/00325/FULLN"", ""Planning Permission Expired"": ""08/05/2027"", ""Ref ID"": 16141, ""Planning Application Submitted"": ""06/03/2024"", ""Country"": ""England"", ""Y-coordinate"": ""146003"", ""Post Code"": ""SP10 3LU""}"
11053,Masdar Arlington Energy,"Upton Lane, Nursling - Battery Energy Storage",50.949215365143786,-1.4717773797304998,Battery,99.9,Planning Application Submitted,Test Valley,15/10/2024,"{""X-coordinate"": ""437203"", ""Region"": ""South East"", ""Development Status (short)"": ""Application Submitted"", ""Address"": ""Upton Lane Nursling "", ""CHP Enabled"": ""No"", ""County"": ""Hampshire"", ""Planning Application Reference"": ""24/02264/FULLS"", ""Ref ID"": 16191, ""Planning Application Submitted"": ""01/10/2024"", ""Country"": ""England"", ""Y-coordinate"": ""116775"", ""Post Code"": "" SO16 0XY""}"
11300,Innova Renewables,"Cholderton Road, Quarley - Solar Farm",51.19967666834236,-1.6097105317667588,Solar Photovoltaics,22.5,Planning Application Submitted,Test Valley,28/06/2024,"{""X-coordinate"": ""427366"", ""Region"": ""South East"", ""Solar Site Area (sqm)"": ""235000"", ""Development Status (short)"": ""Application Submitted"", ""Address"": ""Lains Farm, Cholderton Road, Quarley "", ""Mounting Type for Solar"": ""Ground"", ""CHP Enabled"": ""No"", ""County"": ""Hampshire"", ""Planning Application Reference"": ""24/01288/FULLN"", ""Are they re-applying (Old REPD Ref) "": ""10146"", ""Ref ID"": 16538, ""Planning Application Submitted"": ""06/06/2024"", ""Country"": ""England"", ""Y-coordinate"": ""144568"", ""Post Code"": ""SP11 8NJ""}"
11565,Ylem Energy Limited,"Cooper Vision, Speedwell Close - Solar Panels",50.97681554786924,-1.3909869048798653,Solar Photovoltaics,0.64,Planning Permission Granted,Eastleigh,26/11/2024,"{""Planning Permission Granted"": ""17/10/2024"", ""X-coordinate"": ""442853"", ""Region"": ""South East"", ""Development Status (short)"": ""Awaiting Construction"", ""Address"": ""Coopervision Speedwell & Warrior Buildings, Erith House & Unit 1, Warrior Close & Speedwell Close, Chandlers Ford, Eastleigh"", ""Mounting Type for Solar"": ""Roof"", ""CHP Enabled"": ""No"", ""County"": ""Hampshire"", ""Planning Application Reference"": ""PN/24/97952"", ""Ref ID"": 16906, ""Planning Application Submitted"": ""02/08/2024"", ""Country"": ""England"", ""Y-coordinate"": ""119888"", ""Post Code"": ""SO53 4TE""}"
11570,Ylem Energy Limited,"CooperVision, Ensign Way - Solar Panels",50.85783126792078,-1.326244787562942,Solar Photovoltaics,1.37,Planning Permission Granted,Eastleigh,22/10/2024,"{""Planning Permission Granted"": ""17/09/2024"", ""X-coordinate"": ""447519"", ""Region"": ""South East"", ""Development Status (short)"": ""Awaiting Construction"", ""Address"": ""Cooper Vision, South Point 3 And 4, Ensign Way, Southampton"", ""Mounting Type for Solar"": ""Roof"", ""CHP Enabled"": ""No"", ""County"": ""Hampshire"", ""Planning Application Reference"": ""PN/24/97950"", ""Ref ID"": 16911, ""Planning Application Submitted"": ""02/08/2024"", ""Country"": ""England"", ""Y-coordinate"": ""106696"", ""Post Code"": ""SO31 4RF""}"
11623,Ylem Energy Limited,"South Point, Hamble-Le-Rice - Solar Panels",50.85783126792078,-1.326244787562942,Solar Photovoltaics,0.5,Planning Permission Granted,Eastleigh,26/11/2024,"{""Planning Permission Granted"": ""24/09/2024"", ""X-coordinate"": ""447519"", ""Region"": ""South East"", ""Development Status (short)"": ""Awaiting Construction"", ""Address"": ""South Point 1 and 2, Ensign Way, Hamble Le Rice"", ""Mounting Type for Solar"": ""Roof"", ""CHP Enabled"": ""No"", ""County"": ""Hampshire"", ""Planning Application Reference"": ""PN/24/97951"", ""Ref ID"": 16993, ""Planning Application Submitted"": ""19/08/2024"", ""Country"": ""England"", ""Y-coordinate"": ""106696"", ""Post Code"": ""SO31 4RF""}"
12053,Distgen Limited,Faccombe Road - Wind Turbine,51.32254822361539,-1.4404658977713902,Wind Onshore,0.5,Planning Permission Granted,Test Valley,27/01/2025,"{""Planning Permission Granted"": ""17/01/2025"", ""X-coordinate"": ""439087"", ""Height of Turbines (m)"": ""55"", ""Region"": ""South East"", ""Development Status (short)"": ""Awaiting Construction"", ""Address"": ""W/O Faccombe Road, 1km N/O Faccombe, Andover"", ""CHP Enabled"": ""No"", ""County"": ""Hampshire"", ""Planning Application Reference"": ""24/02725/FULLN"", ""Planning Permission Expired"": ""17/01/2028"", ""Ref ID"": 17698, ""Planning Application Submitted"": ""26/11/2024"", ""Country"": ""England"", ""Turbine Capacity"": ""0.5"", ""Y-coordinate"": ""158309"", ""Post Code"": ""SP11 0EG"", ""No. of Turbines"": ""1""}"
12139,Trant Engineering Limited,"Slowhill Copse, Bury Road - Battery Storage Facility",50.90072750850009,-1.4637366832101568,Battery,,Planning Application Submitted,New Forest,20/01/2025,"{""X-coordinate"": ""437807"", ""Region"": ""South East"", ""Development Status (short)"": ""Application Submitted"", ""Address"": ""Slowhill Copse, Bury Road, Marchwood, Southampton"", ""CHP Enabled"": ""No"", ""County"": ""Hampshire"", ""Planning Application Reference"": ""24/11043"", ""Ref ID"": 17829, ""Planning Application Submitted"": ""05/12/2024"", ""Country"": ""England"", ""Storage Type"": ""Stand-alone Storage"", ""Y-coordinate"": ""111387"", ""Post Code"": ""SO40 4UD""}"
12156,Ineco Energy Limited,"Airways Distribution Park, Wide Lane, Unit 1 - Solar Panels",50.946281828805965,-1.3664611553633337,Solar Photovoltaics,0.45,Planning Permission Granted,Southampton,25/02/2025,"{""Planning Permission Granted"": ""28/01/2025"", ""X-coordinate"": ""444604"", ""Region"": ""South East"", ""Development Status (short)"": ""Awaiting Construction"", ""Address"": ""Unit 1 ,Airways Distribution Park, Wide Lane, Southampton "", ""Mounting Type for Solar"": ""Roof"", ""CHP Enabled"": ""No"", ""County"": ""Hampshire"", ""Planning Application Reference"": ""24/01511/PAPV"", ""Ref ID"": 17852, ""Planning Application Submitted"": ""05/12/2024"", ""Country"": ""England"", ""Y-coordinate"": ""116507"", ""Post Code"": ""SO18 2RT""}"
12219,GridSource Limited,"Christchurch Road, Downton - Battery Storage",50.74169389854859,-1.6140234545172047,Battery,0.2,Planning Application Submitted,New Forest,31/01/2025,"{""X-coordinate"": ""427331"", ""Region"": ""South East"", ""Development Status (short)"": ""Application Submitted"", ""Address"": ""W/O Christchurch Road, Downton, Lymington"", ""CHP Enabled"": ""No"", ""County"": ""Hampshire"", ""Planning Application Reference"": ""24/11099"", ""Are they re-applying (Old REPD Ref) "": ""17010"", ""Ref ID"": 17972, ""Planning Application Submitted"": ""15/01/2025"", ""Country"": ""England"", ""Storage Type"": ""Stand-alone Storage"", ""Y-coordinate"": ""93636"", ""Post Code"": ""SO41 0LA""}"
12238,J Sainsbury Plc (Head Office),"Sainsbury Supermarket, Tollbar Way - Solar PV Panels",50.9232883147066,-1.312424254986595,Solar Photovoltaics,0.84,Planning Application Submitted,Eastleigh,03/02/2025,"{""X-coordinate"": ""448424"", ""Region"": ""South East"", ""Development Status (short)"": ""Application Submitted"", ""Address"": ""Sainsbury Supermarket, Tollbar Way, Hedge End, Southampton"", ""Mounting Type for Solar"": ""Roof"", ""CHP Enabled"": ""No"", ""County"": ""Hampshire"", ""Planning Application Reference"": ""PN/25/98714"", ""Ref ID"": 17994, ""Planning Application Submitted"": ""09/01/2025"", ""Country"": ""England"", ""Y-coordinate"": ""113984"", ""Post Code"": ""SO30 2UH""}"
12265,Places for People Leisure,"Andover Leisure Centre, West Street - Solar Panels",51.20855110954858,-1.482030470128461,Solar Photovoltaics,0.25,Planning Permission Granted,Test Valley,01/04/2025,"{""Planning Permission Granted"": ""18/03/2025"", ""X-coordinate"": ""436280"", ""Region"": ""South East"", ""Development Status (short)"": ""Awaiting Construction"", ""Address"": ""Andover Leisure Centre West Street"", ""Mounting Type for Solar"": ""Roof"", ""CHP Enabled"": ""No"", ""County"": ""Hampshire"", ""Planning Application Reference"": ""25/00166/REJN"", ""Ref ID"": 18032, ""Planning Application Submitted"": ""22/01/2025"", ""Country"": ""England"", ""Y-coordinate"": ""145610"", ""Post Code"": ""SP10 1QP""}"
12296,Saber Renewable Energy Limited,"South Way, Walworth Business Park - Solar Photovoltaics",51.2152206947372,-1.4518608414028156,Solar Photovoltaics,5.2,Planning Application Submitted,Test Valley,17/02/2025,"{""X-coordinate"": ""438382"", ""Region"": ""South East"", ""Development Status (short)"": ""Application Submitted"", ""Address"": ""54 South Way Walworth Business Park"", ""Mounting Type for Solar"": ""Roof"", ""CHP Enabled"": ""No"", ""County"": ""Hampshire"", ""Planning Application Reference"": ""25/00252/REJN"", ""Ref ID"": 18078, ""Planning Application Submitted"": ""03/02/2025"", ""Country"": ""England"", ""Y-coordinate"": ""146367"", ""Post Code"": ""SP10 5AF""}"
12455,Nanopro-Tech,"Grosvenor House & Belmont House, Portswood Road - Solar Panels",50.92737245270306,-1.3887297949689754,Solar Photovoltaics,0.16,Planning Application Submitted,Southampton,24/03/2025,"{""X-coordinate"": ""443057"", ""Region"": ""South East"", ""Development Status (short)"": ""Application Submitted"", ""Address"": ""Grosvenor House & Belmont House, Portswood Road, Southampton"", ""Mounting Type for Solar"": ""Roof"", ""CHP Enabled"": ""No"", ""County"": ""Hampshire"", ""Planning Application Reference"": ""25/00191/PAPV"", ""Ref ID"": 18349, ""Planning Application Submitted"": ""12/02/2025"", ""Country"": ""England"", ""Y-coordinate"": ""114391"", ""Post Code"": ""SO17 2BF""}"
